blocks/b-05/title/;de: b-05
blocks/b-10/title/;de: b-10
blocks/b-15/title/;de: b-15
blocks/b-20/title/;de: b-20
blocks/b-25/title/;de: b-25
blocks/b-30/title/;de: b-30
blocks/b-35/title/;de: b-35
blocks/b-40/title/;de: b-40
blocks/b-45/title/;de: b-45
blocks/b-50/title/;de: b-50
blocks/b-55/title/;de: b-55
blocks/b-60/title/;de: b-60
blocks/b-70/title/;de: b-70
blocks/b-70/_trickle/_button/text/;de: Continue
blocks/b-75/title/;de: b-75
blocks/b-75/_trickle/_button/text/;de: Continue
blocks/b-80/title/;de: b-80
blocks/b-80/_trickle/_button/text/;de: Continue
blocks/b-85/title/;de: b-85
blocks/b-85/_trickle/_button/text/;de: Continue
blocks/b-90/title/;de: b-90
blocks/b-90/_trickle/_button/text/;de: Continue
blocks/b-95/title/;de: b-95
blocks/b-95/_trickle/_button/text/;de: Continue
blocks/b-100/title/;de: b-100
blocks/b-100/_trickle/_button/text/;de: Continue
blocks/b-105/title/;de: b-105
blocks/b-105/_trickle/_button/text/;de: Continue
blocks/b-110/title/;de: b-110